Id	Description	Price	Prime	URL	Number of stars
1	NOTODD PC Portatile Laptop Win11 12GB 512GB 1TB SSD Espansione, Notebook 16 Pollici Celeron N5095 (fino a 2.9Ghz) 丨Ventola di Raffreddamento丨5G WIFI丨1920 * 1200 2K Schermo Doppio- Viola	384.99	True	https://www.amazon.it/dp/B0D836GQL5	4.9
2	AOCWEI JSY Laptop Win 11 PC Portatile N5095 (fino to 2.9 GHz), 14 Pollici Notebook 8 GB 256 GB SSD 1TB Estensioni丨Dual WIFI Supporto丨Ventola Raffreddamento Schermo丨1920 * 1200 2K FHD-Blue	254.99	True	https://www.amazon.it/dp/B0CWMDQS39	4.8
3	"ACEMAGIC PC Portatile 16GB DDR4 RAM 512GB SSD,lntel N97【Battere N100/N95,Fino a 3.6Ghz】Gaming Notebook,15.6"" Full HD Computer portatile 2.4G/5G WiFi,BT5.0,Type_C, USB3.2,HDMI Argento"	359.69	True	https://www.amazon.it/dp/B0CB7FRFZB	4.1
4	"MSI Modern 14 C12M-073IT, Notebook 14"" Full-HD 60Hz, Intel I7-1255U, Intel Iris Xe, 16GB RAM DDR4, 512GB SSD M.2 PCIe 3, WiFi 6, Win 11 Home [Layout e Garanzia ITA]"	599.0	True	https://www.amazon.it/dp/B0B21RZ7RJ	4.1
5	"HP 250 G9 Computer portatile Display 15.6"" 1366 x 768 Pixel Intel N4500 8 GB DDR4-SDRAM 256GB SSD Wi-Fi OPEN OFFICE W11"	267.0	True	https://www.amazon.it/dp/B0CV14JFZ6	4.2
6	MeLE Quieter4C Mini PC senza ventola 12a Alder Lake N100 (fino a 3,4GHz) 16GB LPDDR4x 512GB Desktop Computer Personale Win 11 Pro 4K Triplo Display Doppio HDMI Tutto-in-Uno USB-C WiFi 5 BT5.1 Ethernet	309.99	True	https://www.amazon.it/dp/B0CP3DDJ7M	4.4
7	"HP 250 G9, Computer portatile con Libre Office, Display 15.6"" HD 1366 x 768, Intel N4500 8 GB 256 GB SSD Wi-Fi Windows 11 + Mouse e Borsa in Omaggio"	349.0	True	https://www.amazon.it/dp/B0DFMR92R3	4.1
8	Fujitsu Esprimo P757/E85+ Intel Quad Core i7 1TB SSD Hard Drive 32GB Memoria Windows 11 Pro DVD Masterizzatore Business Tower Computer PC (Ricondizionato)	250.0	False	https://www.amazon.it/dp/B0B5Z8FHWK	4.4
9	BONTEC Supporto per Monitor in Legno da Scrivania per Smartphone e Gestione dei Cavi, Ergonomico, per Laptop, Computer, W420 x D235 x H142mm (2 Livelli)	29.99	False	https://www.amazon.it/dp/B01M4S7ZGM	4.5
10	Lenovo Zaino per laptop	22.87	False	https://www.amazon.it/dp/B075Y72PHZ	4.6
11	Alimentatore 19V Caricatore 45W Caricabatterie 2.37A per ASUS Vivobook 14 15 Zenbook UX330 UX330U UX360 UX360C UX305 Q504U Q504UA Q302 Q302L Q302LA Q302U X541N Notebook PC Portatile	19.85	False	https://www.amazon.it/dp/B09CPV31ZG	4.4
12	BMAX Mini Pc 8 GB DDR4 128 GB eMMC Intel Gemini Lake N4000 (fino a 2,6 GHz) W-11 Pro Supporta HDMI 4K, B1Pro WiFi 2.4G/5G, Bluetooth 4.2, accensione automatica, mini computer HTPC	159.99	True	https://www.amazon.it/dp/B0CJM1SGN1	4.2
13	TECKNET PRO Mouse con Filo, 6400 DPI Mouse Ottico Cablato, 6 Pulsanti, Cavo USB 1.5M, Plug and Play, Mouse Ergonomico con Filo per PC, Computer, Laptop, Mac Laptop - Blu	14.99	False	https://www.amazon.it/dp/B0BMKBRBPD	4.5
14	"Acer Aspire 3 A315-24P-R8DK PC Portatile, Notebook, Processore AMD Ryzen 5 7520U, RAM 8 GB DDR5, 512 GB PCIe NVMe SSD, Display 15.6"" FHD LED, Scheda Grafica AMD Radeon, Windows 11 Home, Silver"	469.0	True	https://www.amazon.it/dp/B0BS6VX78Q	4.4
15	FINTIE Custodia Compatibile con Microsoft Surface Laptop Go 3 (2023) / Surface Go 2 (2022) / Surface Go (2020) 12,45 Pollici - Cover Rigid Protettivo Guscio Rigido Case, Trasparente	12.99	False	https://www.amazon.it/dp/B0BLHGDWV4	4.6
16	HP Elite Book 840 G3 - Computer portatile INTEL CORE I5-6200U 6a generazione 2,3 GHZ WEBCAM 8 GB RAM 256 GB SSD WINDOWS 10 PRO 64 bit (Ricondizionato)	215.0	False	https://www.amazon.it/dp/B084GYCRLB	4.4
17	CloudValley Webcam Cover, 0.6mm Ultra-Sottile Metallo Copri Webcam Copertura per MacBook Pro* Air, iPad, Laptop, iMac, PC, Computer, Phone Accessori, 2 Pezzi Nero	7.99	False	https://www.amazon.it/dp/B079MCPJGH	4.5
18	Caricabatterie Mac Book Air, 45W T-Tip Caricatore Mac Book Air Adattatore per Computer Portatile Compatibile con Mac Book Air 11'' 13'' metà (2012~2017), Modello A1436, A1466, A1465	22.99	False	https://www.amazon.it/dp/B0D577JHMD	4.2
19	VANKEAN Valigetta per Laptop Borsa per Laptop Premium Adatta fino a 17,3 Pollici Borsa a Tracolla per Laptop Borsa a Tracolla Idrorepellente espandibile per Borsa per Computer per Affari/Scuola-Nero	38.99	True	https://www.amazon.it/dp/B092PZ7TTL	4.7
20	"Mixroom - Zaino Porta PC Uomo Laptop Borsa per PC Portatile porta Computer Custodia Notebook 15.6"" Multi funzione Con Attacco USB Nero Z11 Scuola Lavoro"	28.9	False	https://www.amazon.it/dp/B09W9YYWSQ	4.2
21	PcRenewed PC Desktop Fisso core I7 6700 Potente | 32 GB Ram |SSD M.2 512GB + HDD 1TB | HDMI Windows 11 Pro -office 19 (Ricon (Solo PC)	389.0	True	https://www.amazon.it/dp/B0D1LP4F1Z	4.1
22	"PC Gaming Computer Fisso Desktop Completo GT730 - Tastiera - Mouse - Cuffie - Windows 11 PRO - WiFi USB - HDMI (Ram: 32 GB - Ssd: 1 TB, Monitor 27"")"	669.9	False	https://www.amazon.it/dp/B0CCPC8RFM	3.7
23	"Acer Aspire 3 15 A315-44P-R1EP PC Portatile, Notebook, Processore AMD Ryzen 7 5700U, RAM 16 GB DDR4, 1024 GB PCIe NVMe SSD, Display 15.6"" FHD LCD, Scheda Grafica AMD Radeon, Windows 11 Home, Silver"	599.0	True	https://www.amazon.it/dp/B0CTCCZ2VV	4.7
24	AOCWEI PC Portatile 15.6 Pollici 6GB RAM 256GB ROM SSD Estensioni Win 11 Notebook 2.4G+5G WiFi BT 4.2 1080 FHD USB con Adesivi per Tastiera Italiana & Mouse Senza fili-Grigio	209.99	True	https://www.amazon.it/dp/B0CBFSP6JS	4.4
25	Caricatore 65W Alimentatore 19V 3.42A Caricabatterie per Acer Aspire One 5 3 E1 E3 E5 E14 E15 E17 Es1 V3 V5 V7 S3 R3 5250 5750 5920 5742 A315 Laptop PC Portatile Computer Adattatore di Alimentazione	18.89	False	https://www.amazon.it/dp/B09CPRFNZ8	4.5
26	"ZYB Custodia PC 16 Pollici Portatil,Custodia Notebook 16 Pollici Laptop per MacBook Pro 16 2021-2023 M3 M2 M1(A2991/A2780/A2485/A2141),16"" Lenovo ThinkBook/IdeaPad VivoBook 16 HP Asus Dell Borsa-Nero"	18.03	False	https://www.amazon.it/dp/B0BZ7SVY8G	4.6
27	Trust Fyda Mouse con Filo, Design Sostenibile, 600-5000 DPI, 6 Pulsanti, Forma Sagomata, Mouse Ergonomico con Cavo USB 150 cm per Laptop, PC, Computer, Macbook, Ufficio - Nero	8.9	False	https://www.amazon.it/dp/B0BG51X88P	4.2
28	Logitech H111 Cuffie Cablate per Computer, Stereo con Microfono, Cancellazione Rumore, ‎Jack Audio da 3.5 mm, PC/Mac/Laptop/Smartphone/Tablet, Nero	10.4	False	https://www.amazon.it/dp/B00ZOZZM4U	4.2
29	FUNYET PC Portatile 14 Pollici Notebook N5095 Win 11 Computer 16GB RAM,512GB SSD Supporta La Scheda SSD La Scheda TF Estesa, Wireless Bluetooth Rotazione di 180°	259.89	True	https://www.amazon.it/dp/B0D6V5YGM6	4.0
30	"NIAKUN PC Portatile Notebook Gaming, 15.6"" Laptops Gaming 16GB RAM 1TB SSD, Computer Portatile Tastiera Retroilluminata, AMD Ryzen 7 5700U Processore(fino a 4.3Ghz), FHD 1920x1080P, 6000mAh, Tipo-C"	639.99	True	https://www.amazon.it/dp/B0D2XJB43V	4.9
31	WOZIFAN Win 11 Computer PC Portatile Notebook 14 Pollici 1080P 6+256GB 2.4G+5G Supporta La Scheda SSD La Scheda TF Estesa, Wireless Bluetooth Mouse Wifi, Italiana Tastiera blu	269.99	True	https://www.amazon.it/dp/B0CXHSKV1C	4.6
32	"Microsoft Surface Laptop 3 Platino 13.5"" 2256 x 1504 Pixel Touch Intel i5-1035G7 Ram 8GB SSD 256Gb Windows 11 Pro (Ricondizionato)"	369.0	True	https://www.amazon.it/dp/B0D4VYTCXN	4.4
33	AOCWEI PC Portatile Win 11 Celeron N4020 upto 2.8 GHz, Notebook 14 pollici con 5G WiFi 6GB RAM 128GB ROM Estensioni SSD 1TB, 1080 FHD Bluetooth 4.2 USB HDMI Tastiera Italiana Membrana-Argento	195.49	True	https://www.amazon.it/dp/B0CBFJNTPJ	4.5
34	HP EliteDesk 800 G3 Desktop Mini USDT Intel Quad Core i5 256 GB SSD HDD 8 GB di memoria Windows 10 Pro con W-LAN Desktop Desktop Professional - Rinnovato	104.0	True	https://www.amazon.it/dp/B08VF3FBKC	4.0
35	"VistaProtect – Filtro Anti Luce Blu Premium per Schermo Laptop PC, Rimovibile (15.6"" Pollici)"	29.49	False	https://www.amazon.it/dp/B07ZQDY99H	4.0
36	Rovendex PC Portatile 14,1 pollici, Notebook Celeron J4125 Computer portatile 8GB RAM SSD da 256GB, Laptop Windows 11 Pro Display IPS 1920 x 1080, Support 2.4G/5G Hz WiFi, BT5.0, Full Size Keyboard	229.99	True	https://www.amazon.it/dp/B0DB88JXT7	4.1
37	CloudValley Supporto Magnetico per Telefono e Laptop, Supporto per Continuity per la fotocamera, Laterale Monitor Telefono Regolabile per iPhone TV Faceetime Holder, Nero	16.99	False	https://www.amazon.it/dp/B0BHZ1KXG3	4.1
38	Apple 2022 PC Portatile MacBook Air con chip M2: display Liquid Retina 13,6'', 8GB di RAM, 256GB di archiviazione​​​​​​​ SSD storage, tastiera retroilluminata; color​​​​​​​ Mezzanotte	899.0	True	https://www.amazon.it/dp/B0B3CM79ZH	4.8
39	ZINZ 15 15.6 16 Pollici Sottile ed Espandibile Zaino per Laptop Antifurto Viaggio Borsa per PC di Grande capacità con USB, Regali per Uomo e Donna	85.89	True	https://www.amazon.it/dp/B08GYD7N8Z	4.5
40	HP, Pc Desktop Pronto All'Uso, Computer Pc Fisso Intel i7, Ram 16Gb, SSD 512Gb, Pacchetto Libre Office, Windows 10 Pro (Ricondizionato)	138.0	False	https://www.amazon.it/dp/B0BT1Q51TP	4.3
41	SGIN 15 Pollici PC Portatile Windows 11 Home, 4GB RAM 512GB SSD ROM PC portatile, Celeron Dual-core (fino a 2,8 GHz), HD IPS, USB 3.0, WiFi Dual Bande, Bluetooth 4.2	189.99	True	https://www.amazon.it/dp/B0D8TCT35S	4.3
42	BMAX PC Portatile 14 Pollice Full HD, 8GB DDR4 256GB SSD Laptop, Pentium Silver N5000 Processori Quad Core Computer Portatile S14 Pro, Bluetooth 5.0, 1920x1080, 2.4G/5G WiFi, USB 3.0, Mini HDMI	229.99	True	https://www.amazon.it/dp/B0DDCDJFF8	4.5
43	STILORD 'Beau' Borsa Computer 15.6 Pollici Pelle Vintage Borsetta per Uomo e Donna Cuoio Autentica Fodera Pc 15,6 Pollici MacBook Pro Custodia	99.9	False	https://www.amazon.it/dp/B0CWLQSBBV	4.8
44	Portatile con touchscreen, 15,6 pollici HD, custodia interamente in metallo, processore quad-core N5095 con 2,9 GHz, 16GBDDR4 e 256GB SSD, riconoscimento delle impronte digitali, 1920 * 1080, Win11Pro	379.99	True	https://www.amazon.it/dp/B0CCD6YRCZ	3.9
45	MOSISO Borsa Porta Tracolla PC Laptop,15-15,6 Pollici Computer Borsa Compatibile con MacBook Pro 16,HP,Dell,Lenovo,Asus Notebook,Lato Open Messenger Borsa con 4 Cerniera Tasche&Handle,Grigio	39.99	True	https://www.amazon.it/dp/B0BP7RLGDC	4.6
46	Amazon Basics, custodia protettiva per laptop, per una dimensione dello schermo di 15.6 Pollici, Grigio	18.04	False	https://www.amazon.it/dp/B01EFMI9YC	4.6
47	AIPIE Custodia pc 15,6 16 Pollici 2 Scomparti Borsa per Computer con Una Maniglia 40cm x 28,5cm Notebook Laptop Cover Portatile Brosa compatibile con MacBook, Acer, Asus, Dell, Lenovo, HP, MSI, SGIN	16.99	False	https://www.amazon.it/dp/B0BBMDSFVM	4.6
48	MOSISO Laptop Custodia PC Portatil Compatibile con MacBook Air 13 M3 M2 M1 A2337 A1932 2018-2024/Pro 13 M2 M1 A2338 A2251 A2289 A2159 A1989 A1706,Neoprene Borsa con Piccolo Case, Nero	22.49	False	https://www.amazon.it/dp/B06XCWC9JQ	4.4
49	HP POSTAZIONE COMPLETA PC 8200 I5 3,1 Ghz 8GB RAM 240GB SSD 10X PORTE USB - key WI-FI + MONITOR Dell 2014HF + Tastiera e Mouse TRUST (Ricondizionato)	173.0	True	https://www.amazon.it/dp/B085TR8PJ1	4.0
50	"PC Gaming Computer Fisso Desktop Completo GT1030 - Tastiera - Mouse - Cuffie - Windows 11 PRO - WiFi USB - HDMI (CPU: I7 - RAM 32GB -SSD 480 GB, MONITOR 27"")"	779.9	False	https://www.amazon.it/dp/B0CCJXFDN5	3.9
51	Cuffie USB per Computer 2.5M,ACAGET PC Gaming Cuffie con Filo Stereo HiFi Semi In Ear Cuffie PC USB con Microfono Cancellazione del Rumore Controllo del Volume per PS4/PC/Mac/Laptop/Chromebook/Windows	13.99	False	https://www.amazon.it/dp/B09KKRJ5XR	4.0
52	"Mixroom Zaino Porta PC Antifurto per Computer Portatile Laptop Lavoro Borsa Notebook Fino 15"" con Attacco USB e Foro Auricolare Z4"	22.9	False	https://www.amazon.it/dp/B09K5NX1YL	4.2
53	Lenovo IdeaPad Slim 3 Notebook 15,6” FHD (1920x1080) - AMD Ryzen 5 7520U, 16GB RAM, 512GB SSD, Windows 11 Home, WiFi 6 - Arctic Grey, Esclusiva Amazon	569.0	True	https://www.amazon.it/dp/B0CK8D4G2G	4.4
54	Greed® Ultra V2 PC fisso Intel Core i9 10900F - Desktop veloce + computer per ufficio e casa con 5,2 GHz - 32 GB RAM - Disco SSD da 1 TB + HDD da 1 TB - DVD+RW - USB3.1 - Wi-Fi, W11 Pro	739.9	False	https://www.amazon.it/dp/B0C4YQP8VG	4.1
55	"NIDOO 13,3 Pollici Borsa a Tracolla Messenger Porta PC Portatile Protettiva Custodia per 13"" 13.6"" MacBook Air Pro/ 12.9"" iPad Pro/Surface Laptop Go 3/ Surface Pro 9 10 X/XPS 13/ThinkPad Z13 X13 L13"	23.99	False	https://www.amazon.it/dp/B0DDPNMFKR	3.8
56	Enloffi Custodia Borsa 14 Pollici Custodia per Laptop Impermeabile Antiurto Caso Protettiva Compatibile con MacBook Pro HP Dell Lenovo Asus Borsa da Trasporto con Tasca Accessoria, Nero	19.49	False	https://www.amazon.it/dp/B0C4PQHRMB	4.6
57	Lenovo PC Computer ThinkCentre M910S SFF Intel Core i5-6400 Ram 8GB SSD 240GB Windows 10 Pro (Ricondizionato)	125.0	True	https://www.amazon.it/dp/B0B94K51N9	4.4
58	"ASUS Vivobook 15 F1504ZA#B086ZRTQH5, Notebook con Monitor da 15,6"" FHD Anti-Glare, 60Hz, Intel Core 12ma gen i5-1235U, RAM 16GB, 512GB SSD PCIE, grafica Intel Iris Xe, WIN 11 HOME, Argento"	529.0	True	https://www.amazon.it/dp/B086ZRTQH5	4.2
59	"HP 250 G9, Notebook Computer Portatile, Intel N4500, Display HD da 15,6"", Ram 8 Gb DDR4, SSD NVMe 256 Gb, W11 Pro"	255.0	True	https://www.amazon.it/dp/B0D9YMLQBV	4.3
60	"MSI Modern 14 C12M-203IT, Notebook 14"" Full-HD 60Hz, Intel I3-1215U, Intel UHD, 8GB RAM DDR4, 512GB SSD M.2 PCIe 3, WiFi 6, Win 11 Home [Layout e Garanzia ITA]"	399.0	True	https://www.amazon.it/dp/B0B21RWS8K	4.4
61	CSL-Computer TITANWOLF - Tappetino per mouse XXL Speed Gaming Titanwolf mappa del mondo 900 x 400 mm – XXL Mousepad – Sottomano grande dimensione – migliora la precisione e la velocità	13.95	False	https://www.amazon.it/dp/B07LFHCFH8	4.8
62	Lenovo Notebook Portatile, V15 G4 IRU 83A100A6IX, Full HD, Intel i5-13420H, Ram 16 GB DDR4, 512 GB SSD NVMe, Windows 11 Pro	492.0	True	https://www.amazon.it/dp/B0CT62F6PF	4.5
63	"HUANUO Supporto per Laptop con Cuscino - Flessibile Regolabile con 8 Angoli, Supporta Notebook, Tablet, Fino a 15,6"", Tavolo Vassoio Portatile e Adatto per Viaggi, Lavoro, Casa"	35.98	True	https://www.amazon.it/dp/B07XLJK35G	4.5
64	"HP Chromebook 15a-na0000sl, Intel Celeron N4500, 8GB RAM LPDDR4, eMMC da 128GB, Display da 15,6"" HD, SVA, Antiriflesso, Scheda grafica Intel UHD 600, Wi-Fi, Webcam HD, ChromeOS, Rose Gold"	329.99	True	https://www.amazon.it/dp/B0BLW5SN1M	4.2
65	"Acer Predator Helios Neo 16 PHN16-72-99FK Notebook Gaming, Processore Intel Core i9-14900HX, RAM 16 GB, 1024 GB SSD, Display 16"" WQXGA IPS 240 Hz, NVIDIA GeForce RTX 4070 8 GB GDDR6, Windows 11 Home"	1729.0	True	https://www.amazon.it/dp/B0CXY4MT8Q	4.1
66	"JUMKEET Supporto PC Portatile, Porta Tablet di Ventilato Raffreddamento, Appoggio per Alza Notebook, Pieghevole Leggero Laptop Stand Base per MacBook Air/Pro Computer Portatili Huawei Matebook (7-17"")"	11.99	False	https://www.amazon.it/dp/B07WVGQZ59	4.2
67	HP, Pc desktop i7 pronto all'uso,16 Gb Ram, ssd 512Gb, Wi Fi, Libre Office, Windows 11 PRO, Computer fisso Pc i7 Pornto all'Uso	138.0	False	https://www.amazon.it/dp/B08NWB5WQK	4.3
68	Portatile PC 15,6 pollici, Notebook 16GB RAM 512GB SSD, Processore Quad-Celeron N95, Display FHD IPS 1920 * 1080, Laptop Windows 11 Pro con Tastiera Retroilluminata, Sblocco con Impronta Digitale	289.99	True	https://www.amazon.it/dp/B0DB1TNFGY	4.3
69	PC Portatile 15,6 pollici, Notebook 24GB LPDDR4 RAM 512GB SSD Laptop, CPU Celeron N5095, 1920*1080 FHD Touch ID, WiFi Dual-Band, con Mini HDMI, 2xUSB 3.0, tastiera retroilluminata full size	289.99	True	https://www.amazon.it/dp/B0DCFM3Z3V	5.0
70	"PC Gaming Computer Fisso Desktop Completo GT730 - Tastiera - Mouse - Cuffie - Windows 11 PRO - WiFi USB - HDMI (Ram: 32 GB - Ssd: 1 TB, Monitor 24"")"	609.0	False	https://www.amazon.it/dp/B0CQMXJZWB	3.7
71	Piastra di sicurezza antifurto autoadesiva con slot per cavi per bloccare laptop, Mac Book, tablet, iPad o altri computer (confezione da 5, nero)	8.99	False	https://www.amazon.it/dp/B0BGRM9ZV2	3.8
72	"Acer Aspire 5 A515-57-51X4 PC Portatile, Notebook, Processore Intel Core i5-12450H, RAM 16 GB DDR4, 1024 GB PCIe NVMe SSD, Display 15.6"" IPS FHD LED LCD, Scheda Grafica Intel UHD, Windows 11 Home"	639.0	True	https://www.amazon.it/dp/B0CCY7M7HS	4.4
73	HP Professional, Zaino per Laptop fino a 17,3 Pollici, Tasche Interne per Accessori, Tasca Esterna Portabottiglie, Cerniera Rinforzata, Realizzato con materiali resistenti all'acqua, Nero	29.99	False	https://www.amazon.it/dp/B09NBWLZMH	4.6
74	AIPIE Custodia per Macbook Air 13 Pollici Proteggi Custodia per Macbook Pro 13 Pollici, Borsa Porta pc Computer Custodia Cover Notebook Laptop 13,3 Pollici Copri 32 x 23 x 2,5 cm	13.99	False	https://www.amazon.it/dp/B09GW3FNSG	4.4
75	GOODTEL Tablet 10 Pollici | Android 13 | 12GB RAM 128GB ROM(1TB TF) |WiFi 5G | GPS | FHD | Bluetooth5.0 | 8MP+5MP | Tipo C | OTG | Cast | Tablet PC con Custodia, Tastiera e Mouse - Blu	89.99	True	https://www.amazon.it/dp/B0CM6D52MT	4.2
76	PC Computer Fisso Desktop i7 - Windows 11 PRO - HDMI e VGA - Wireless - Lettore Masterizzatore CD DVD - Ufficio Internet Scuola (RAM 32 GB, SSD 480 GB)	359.9	False	https://www.amazon.it/dp/B0BS1M42PR	4.0
77	Samsonite Stackd Biz - Zaino per laptop, Nero (Black), Zaini	124.05	True	https://www.amazon.it/dp/B0BLQCG7YB	4.6
78	"Mixroom - Borsa per PC Portatile porta Computer Custodia Zaino Laptop Custodia Notebook 14"" Pollici per Lavoro Scuola Ufficio Z29 Rosa"	17.9	False	https://www.amazon.it/dp/B0C9HMSZCF	4.7
79	Lettore di schede SD TF 5 in 1 per iPhone/iPad/Android/Mac Book/Computer/Tablet/Camera, adattatore USB OTG USB C e USB A con slot per schede Micro SD e SD, supporta SD/Micro SD/SDHC/SDXC/MMC	19.99	False	https://www.amazon.it/dp/B0CF226MJ8	4.2
80	Hoppac Supporto PC Portatile, Regolabile 7 Livelli Supporto Per Laptop, Alluminio Pieghevole Ventilato PC Stand，Supporto Notebook Alluminio Compatibile Con Macbook Air/Pro/ASUS/Lenovo/Acer/HP 10-17”	10.33	False	https://www.amazon.it/dp/B09JC9XBMH	4.4
81	Lenovo, Mini Pc fisso i5, Ram 8 Gb, SSD 256 Gb, Wi Fi, Pc desktop i5, Computer pronto all'uso, Wi Fi, W10, Libre Office (Ricondizionato)	107.0	True	https://www.amazon.it/dp/B0892J87TP	4.4
82	Lenovo IdeaPad 3 Chromebook Notebook, Display FHD da 15.6 pollici - (Intel Celeron N4500, Scheda Grafica Integrata, RAM 4 GB, 64 GB, WiFi 6, ChromeOS) - Abyss Blue	249.0	True	https://www.amazon.it/dp/B0BSVDSK14	4.0
83	Bagasin Puffer Custodia Borsa Porta PC, 15 15,6 16 Pollici Sleeve per Laptop Resistente all'Acqua, Borsa/Caso da Trasporto per Computer Compatibile con MacBook, HP, Dell, Lenovo, Asus Notebook	22.12	False	https://www.amazon.it/dp/B0C5MSJPC1	4.6
84	"HP Postazione Completa ALL in One prodesk 600 SFF I5 16GB RAM SSD 256 + HDD 1 TB Wi-Fi Monitor 27"" Multimediale Win 11 Office 19 (Ricondizionato)"	429.0	False	https://www.amazon.it/dp/B08K4ZZ7X7	4.6
85	Link CAVO ALIMENTAZIONE SPINA ITALIANA TRIPOLARE 10 A. PER COMPUTER, STAMPANTI ECC. MT. 3	4.57	False	https://www.amazon.it/dp/B078RSTLTS	4.7
86	"PcRenewed Computer All in One 24"" ThinkCentre M900z Pc fisso Core i5 fino a 3.30GHz Windows 11 | 16GB RAM DDR4 e SSD 512GB (Ricondizionato) La Soluzione All-in-One per Prestazioni Potenziate"	389.0	False	https://www.amazon.it/dp/B0CHWJQ2GQ	4.4
87	"Mixroom - Zaino Porta PC Uomo Laptop Borsa per PC Portatile porta Computer Custodia Notebook 15"" Due Tasche Frontali Con Attacco USB Z1"	19.9	False	https://www.amazon.it/dp/B09QZ383VM	4.0
88	bvate PC Portatile 16GB RAM 512GB Laptop Win 11 Core i3 (fino a 3,2Ghz) Notebook 16 Pollici Computer Portatile 1920 * 1200 IPS UHD Tipo C 5G WiFi con mouse & adesivi per tastiera Italiana-Argento	379.99	True	https://www.amazon.it/dp/B0D8WF5RHR	4.6
89	Caricatore HP Computer Portatile 90W 19.5V 4.62A Alimentatore per HP 240 250 255 G3 G4 G5 G6 G7 ProBook 430 440 450 470 EliteBook 820 830 840 850 Pavilion 11 13 15 Stream Cable PC Notebook Adaptador	18.98	False	https://www.amazon.it/dp/B08PXS2JQ2	4.5
90	Lenovo IdeaPad Slim 3 Notebook 15,6” FHD (1920x1080), Intel Core i5-13420H, 8GB RAM, 512GB SSD, Windows 11 Home, WiFi 6 - Arctic Grey, Esclusiva Amazon	549.0	True	https://www.amazon.it/dp/B0CK8G6ZJG	4.4
91	"KROSER 18"" Borsa del Portatile Cartella per Laptop Adatto per Laptop fino a 17,3 Pollici Borsa a Tracolla Espandibile Borsa per Computer con Tasche RFID per Viaggi/Affari/Scuola/Uomini/Donne-Nero"	39.99	True	https://www.amazon.it/dp/B07TNF5CLV	4.6
92	PC Portatile 15,6 pollici, 16 GB LPDDR4 RAM 512 GB SSD Notebook, 1080P FHD Celeron N95 Laptop Windows 11 pro, con USB 3.0 Mini HDMI2.4G/5G WiFi Tastiera retroilluminata full size PC Computer Ufficio	272.99	True	https://www.amazon.it/dp/B0D8VJJ6MP	3.4
93	Set di viti per computer, 500 pezzi di accessori per PC, Set di Viti per Computer Portatile M2 M3 M2.5,Set di viti per computer a testa piatta,vite del computer set per Riparazione PC Universale	8.59	False	https://www.amazon.it/dp/B0C3QY48JC	4.6
94	"Babacom Supporto PC Portatile, Pieghevole Ergonomico Porta PC con Regolabile Altezza, Ventilato Laptop Stand Vassoi di appoggio per PC portatili Compatibile con MacBook Air, Altri 10-16"" Tablet Grigio"	27.99	False	https://www.amazon.it/dp/B0C3T428KB	4.6
95	"Lenovo, Pc Portatile Notebook, Display FHD da 15,6"", CPU Intel N4500, Ram 8Gb, SSD 256Gb, Computer Portatile con Libre, W11 e Mouse Wireless"	265.0	True	https://www.amazon.it/dp/B09Q3Q3YDV	4.4
96	"ProElife Custodia per laptop da 15 pollici per MacBook Air 2024 2023 da 15 pollici con chip Apple M3 M2 accessorio custodia da viaggio impermeabile per MacBook Air 15"" 2024 2023 M3 M2 (nero)"	16.99	False	https://www.amazon.it/dp/B0C7GHTYG5	4.6
97	"Acer Aspire C24-1800 Computer Fisso All in One, Pc Desktop, Processore Intel Core i5-12450H, Ram 16 GB DDR4, 1024 GB SSD, Display 23.8"" IPS FHD LED LCD, Intel UHD, Wifi, Webcam, Windows 11 Home"	699.0	True	https://www.amazon.it/dp/B0CN15XTQB	4.6
98	Pc fisso completo i5, desktop fino a 3.40 ghz, Ram 8gb, Ssd 256gb, windows 11 pro, office, Pc desktop pronto all'uso	194.99	True	https://www.amazon.it/dp/B072N2YFCN	4.2
99	LOVEVOOK Zaino Donna Uomo Borsa Porta PC 15.6 Pollici Zainetto con USB per Scuola Media Superiore Antifurto Zaini Scolastici Impermeabile Laptop Backpack per Università Viaggi Ufficio	34.99	False	https://www.amazon.it/dp/B0B8DDN5LR	4.6
100	DARYUKUM PC Portatile da 15,6 pollici, notebook 8 GB RAM 256 GB SSD, laptop Celeron N4000 FHD 1080P, notebook WiFi dual-band, con mini HDMI, 2xUSB 3.0	215.99	True	https://www.amazon.it/dp/B0D7HQY48X	3.9
101	CSL-Computer Titanwolf – Tappetino per mouse XXL Speed Gaming Titanwolf nero 900 x 400 mm – XXL Mousepad – Sottomano grande dimensione – migliora la precisione e la velocità – nero ultrasonico	13.95	False	https://www.amazon.it/dp/B08GQ8WZHY	4.5
102	PcRenewed PC Desktop Fisso Intel I7 6700 Potente | 32 GB Ram |SSD M.2 512GB + HDD 1TB | HDMI Windows 11 Pro -office 19 (Ricon (PC + DELL 24)	459.0	False	https://www.amazon.it/dp/B0D1LGTS8N	4.1
103	HP Laptop 15s-fq3006sl, Intel Celeron N4500, RAM 4 GB DDR, SSD 128 GB, Grafica Intel UHD, Display 15.6” FHD SVA, Webcam, Wi-Fi, Bluetooth 4.2, Windows 11 Modalità S, Microsoft 365 Incluso, Grigio	229.99	True	https://www.amazon.it/dp/B0CW61PNK2	4.0
104	Lenovo Notebook TS V15 I5-1035G1 8GB 512GB SSD 15.6FHD WIN 10 PRO	439.9	True	https://www.amazon.it/dp/B089M79N4H	4.1
105	GOLF SUPAGS Zaino Porta PC, Zaino PC Portatili, Zaino per Computer da 17 Pollici Notebook, Zaino per Laptop, Zaino Donna Impermeabile da Uomo per Scuola,Lavoro o Viaggio Nero	39.99	True	https://www.amazon.it/dp/B0CBJW755R	4.5
106	"PC Gaming Computer Fisso Desktop Completo GT730 - Tastiera - Mouse - Cuffie - Windows 11 PRO - WiFi USB - HDMI (Ram: 16 GB - Ssd: 480 GB, Monitor 24"")"	539.9	False	https://www.amazon.it/dp/B0B3QM6QL7	3.7
107	"PC Portatile 16GB RAM DDR4 512GB SSD, 15.6"" con Celeron N5095 Computer Portatile, Win11 Pro, angolo aperto di 180°, USB 3.0, Sblocco tramite impronta digitale della tastiera retroilluminata Laptop"	269.99	True	https://www.amazon.it/dp/B0D7MF5332	3.9
108	HP Pavilion 15-eg2000sl, Intel Core i7-1355U, RAM 16GB, SSD 1TB M2 PCIe, Intel Iris Xe Integrata, Schermo Notebook da 15.6”, FHD IPS Antiriflesso, Wi-Fi, Bluetooth, Webcam HD, Windows 11, Argento	799.99	True	https://www.amazon.it/dp/B0CNWFQMD1	4.3
109	HP EliteDesk 800 G2 Mini PC Computer Desktop Intel i5-6400T Ram 8GB SSD 240GB Windows 10 Pro + Office 2021 (Ricondizionato)	114.0	False	https://www.amazon.it/dp/B09TXTQYWN	4.7
110	Cuffie USB con Microfono per PC Laptop, Gaming Cuffie con Filo Stereo Hifi Semi in Ear con Controller Volume per Portatile/Mac/Chrome/Ps5/Skype/Zoom	16.59	False	https://www.amazon.it/dp/B0D9BCTPRV	4.5
111	Taygeer Borsa Porta PC, 17 Pollici Borsa per PC Portatile Notebook Impermeabile Borsa a Tracolla per Laptop Borsa da Lavoro per Uomini Donne Insegnanti Affari Viaggi Universitari, Nero	34.99	False	https://www.amazon.it/dp/B074M4GC65	4.6
112	ADELGO Mini Altoparlante per PC, Casse Computer con Alimentazione USB, PC Stereo Sound Portatile Soundbar per Tablet Desktop Laptop e Banco Cassa	15.19	False	https://www.amazon.it/dp/B089W5PS29	4.1
113	Arvok 15 15,6 Pollici Sleeve per Laptop/Impermeabile Custodia di Neoprene Borsa/Caso Protettiva/Borsa da Trasporto per MacBook/Acer/Dell/Lenovo/HP/Samsung/Sony/Toshiba/Ultrabook	15.99	False	https://www.amazon.it/dp/B01ANEYOT0	4.5
114	Cavo di prolunga VGA maschio a VGA maschio, per monitor. Cavo VGA 1080P Full HD placcato oro per computer, PC, laptop, TV, proiettori, display (1,5 m)	8.99	False	https://www.amazon.it/dp/B098NRJBN7	4.4
115	jumper Computer Portatile 16 Pollici Fino a 2,5 GHz Celeron (16GB RAM 128GB eMMc+512GB SSD), PC Portatile Installato 365 Office	399.99	True	https://www.amazon.it/dp/B0DHS5SGBC	4.6
116	"Lenovo, Pc portatile notebook pronto all'uso, Display FHD da 15,6"", cpu N4500, ram 16Gb, sshd 756Gb, W11, computer portatile con pacchetto Libre"	369.99	True	https://www.amazon.it/dp/B0BR61L33C	4.4
117	Perixx PERIBOARD-331 Tastiera USB retroilluminata - Tasti a forbice di tipo X a grandezza naturale - Retroilluminazione bianca - Nera - Layout Italiano	29.99	False	https://www.amazon.it/dp/B0BSR3TMVQ	4.5
118	jumper Computer Portatile 15.6 Pollici HD display, Office 365, Windows 11, 4GB RAM 128GB SSD, Processore 5205U PC Portatile, Batteria 38Wh, Due Altoparlanti Stereo, Tipo-C, USB 3.0, Tastiera Digitale	459.99	True	https://www.amazon.it/dp/B0DFC1GRPC	5.0
119	Insoluxia PC Portatile 14 pollici, Notebook Celeron J4125 fino a 2.7 GHz, Laptop 8GB RAM LPDDR4 256 GB SSD, Notebook Windows 11 FHD (1920 x 1080) con Mini HDMI, USB-3.0, USB-2.0, WiFi Bluetooth 5.0	222.99	True	https://www.amazon.it/dp/B0D7HGV9QQ	4.4
120	SOULWIT® 50 pezzi Autoadesivo Clip Cavo, Fermacavi Supporto Organizer la Gestione dei cavi per TV, PC, laptop, cavo Ethernet, scrivania, casa, ufficio	11.95	False	https://www.amazon.it/dp/B08QFLLCWM	4.3
121	"Samsung Galaxy Book4, Intel® Core™ 5 Processor, 16GB RAM, 512GB, Laptop 15.6"" LED IPS Full HD, Windows 11 Home, Gray [Versione Italiana]"	657.45	True	https://www.amazon.it/dp/B0CWRT965H	4.2
122	Quntis 51CM LED USB Lampada da Scrivania per Monitor Computer con Telecomando, Barra Luminosa Dimmerabile Protezione per gli Occhi, Lampada Monitor Curvo/Piatto per Lettura, Luce Monitor da Lavoro	72.99	True	https://www.amazon.it/dp/B0B87CVVLH	4.6
123	"HP Pavilion x360 14-ek1002sl, Intel Core I3-1315U, RAM 8GB DDR4, SSD 256GB Pcle NVMe, Display Touch 14"" IPS micro-edge FHD, Scheda Grafica UHD Intel, Audio B&O, Windows 11, Argento"	529.99	True	https://www.amazon.it/dp/B0CNWDDKJD	4.3
124	DOMISO 17 Pollici Borsa PC Impermeabile Custodia Messenger Ventiquattrore per Computer Portatile/Tablet/Notebook/Ultrabook/Chromebook da 17-17,3 pollici, Rosa	30.99	False	https://www.amazon.it/dp/B09K56QGX2	4.6
125	HP Custodia Protettiva Reversibile per Laptop Portatili fino a 14 Pollici, Profilo Sottile e Senza Cerniera, Tessuto in Neoprene Disinfettabile e Lavabile in Lavatrice, Design Nero/Grigio Geometrico	11.99	False	https://www.amazon.it/dp/B0946MT2MQ	4.5
126	Wikinu 2800mAh HS04 807956-001 807957-001 HS03 Batteria per Laptop per HP 240 G4 245 G4 246 G4 250 G4 807611-421 807612-421 HSTNN-LB6V HSTNN-LB6U 15-AF067SA TPN-I119 15-BA042NG 【14.8V/41Wh】	29.99	False	https://www.amazon.it/dp/B08Z33486L	4.4
127	HEDUGO Custodia Pc Portatile Borsa Compatibile con MacBook Air/Pro da 15,6 Pollici Custodia per Computer Portatile con Tasca per Accessori Custodia Imbottita Protettiva per laptop da 15,6”, Nero	13.99	False	https://www.amazon.it/dp/B0D9H53GWQ	4.6
128	"Samsonite Bailhandle 15.6"" 2 comp, Borsa per laptop, Green (Olive Green)"	115.0	True	https://www.amazon.it/dp/B0CMTY4TJP	5.0
129	"ASUS Expertbook, PC Portatile, Intel Core i5 12th 10Core, RAM 40 GB, SSD PCIe 512 GB, 15,6"" FullHD, Wi-Fi 6, 4 USB, BT, Intel Iris XE, Win 11, Tastiera Retroilluminata, preconfigurato"	769.0	True	https://www.amazon.it/dp/B0CX8TMG3N	4.6
130	EverVanz Zaino di grandi dimensioni in tela, per lavoro, viaggi o scuola, per un computer portatile da 15 pollici	37.99	True	https://www.amazon.it/dp/B07WPMZH3Y	4.5
131	Mancro Borsa Porta PC 17 Pollici, Borsa Ventiquattrore Grande Espandibile con 2 Scomparti per Uomo Donna, Borsa a Tracolla da Lavoro per Viaggi d'Affari per Laptop da 17 Pollici Tablet Computer, Nero	33.99	False	https://www.amazon.it/dp/B078YPVSD9	4.4
132	Legami - Supporto per Computer Portatile, 44x33,5 cm, Laptop Tray, Fessura Supporto per Tablet, Tema Panda, Morbido Cuscino con Imbottitura, Maniglia Laterale	22.95	False	https://www.amazon.it/dp/B08F5LB4DB	4.7
133	Alimentatore Caricatore 12V 2A Compatibile con Chuwi Herobook GemiBook LarkBook CoreBook Computer Portatile Per TECL AST F Series Laptop Caricabatterie di Ricambio 12V 2A con 8 Connettori	15.99	False	https://www.amazon.it/dp/B0DCMJ993N	4.6
134	Akuoly 355 Pezzi Viti per Computer Portatili PC M2 M3 M2,5, Viti per HDD M.2 SSD, per Riparazione PC Universale, Nero	11.9	False	https://www.amazon.it/dp/B07VC658KX	4.5
135	NiPoGi Mini PC, 16GB DDR4+1TB M.2 NVMe SSD, Mini Computer AK1Plus 12th Ιntel Alder Lake-Ν95 (fino a 3.4GHz), Gigabit Ethernet, 4K UHD, Dual Wi-Fi, BT 4.2 Office Desktop PC	269.0	True	https://www.amazon.it/dp/B0CG19R65S	4.4
136	LAC FUTURE Supporto PC Portatile Regolabile 7 Livelli in Plastica - Laptop Stand Accessori Scrivania - Rialzo PC Portatile e Tablet (10-15,6'')	9.89	False	https://www.amazon.it/dp/B0CZ4GMG2X	3.2
137	Dewanxin Webcam per PC, Webcam 1080p Full HD per PC, Laptop y Mac, USB 2.0 Videocamera con Microfono a Cancellazione di Rumore e Base Girevole a 360 °, per Videochiamate, Studio, Conferenza, Giochi	20.99	False	https://www.amazon.it/dp/B0891YNFQT	3.9
138	BOPAI Zaino da Uomo Zaino Antifurto Impermeabile Zaino Per PC Laptop Portatile con Porta USB da Casual Viaggio Bussiness Nero Zaino per Computer Portatile 15.6 Pollici	98.0	True	https://www.amazon.it/dp/B07VKL4L3Q	4.6
139	"ACEMAGIC Gaming Notebook AMD Ryzen 7 5825U(Battere i7-1355U),Tastiera Retroilluminata PC Portatile,RAM 16GB NVME SSD 512GB,Win 11 Pro Laptop,16,1"" Full HD 1920x1080 Color(grigio)"	565.99	True	https://www.amazon.it/dp/B0D66M83HD	4.1
140	PC Gaming Computer Fisso Desktop i5 - GeForce GT 730 4 GB DDR3 - Windows 11 PRO - WiFi USB - HDMI e VGA - Wireless - Ufficio Internet Scuola (RAM 16 GB - SSD 240 GB)	289.9	False	https://www.amazon.it/dp/B0992SZKQ9	3.9
141	AiTodos® Supporto pc Portatile, Lega di Alluminio, Leggero, Antiscivolo, Portatile Pieghevole, Supporto per Laptop - Ventilazione e Dissipazione del Calore, Regolazione a 6 Marce - Laptop Stand	11.99	False	https://www.amazon.it/dp/B0BJKGR6B4	4.5
142	Pc Computer Business e Office Multimedia | i7 6700 8-Threads, 4.0 GHz | 32 GB RAM | 1 TERA SSD | WLAN | DVD | USB3 | Windows 11 Professional Garanzia 36 Mesi (Ricon	429.0	True	https://www.amazon.it/dp/B0CYHG2K14	4.1
143	"MAXLEGEN PC Portatile 15,6"", 16GB RAM 512GB SSD N95(Fino a 3,4 GHz) Computer Portatile, 2.4G/5G WiFi, BT5.0, Type C, USB3.0, Tastiera Numerica Dimensione Piena Per Ufficio, Mouse incluso"	299.99	True	https://www.amazon.it/dp/B0CQ1S5SKG	4.5
144	"HP OMEN 16-wf1004sl Notebook, Intel Core i9-14900HX, 32GB RAM DDR5, 1TB SSD PCIe NVMe, Display 16,1"" FHD 165Hz IPS, Grafica Nvidia GeForce RTX 4070 8GB GDDR6, FreeDOS 3.0, Nero"	1749.99	True	https://www.amazon.it/dp/B0D8JRNBVM	4.3
145	"NGS MONRAY ENTERPRISE - Valigetta in Nylon per Computer Laptop 15,6"". Borsa per Laptop, Resistente e Leggera, con Compartimenti e Tasche per Documenti e Periferiche"	10.9	False	https://www.amazon.it/dp/B00XVN7MKO	4.2
146	Amazon Basics - Borsa compatta per computer portatile con tasche per accessori (15,6 pollici, 40 cm), nero, confezione da 1	9.9	False	https://www.amazon.it/dp/B00DUGZFWY	4.6
147	"PC Gaming Computer Fisso Desktop Completo GT1030 - Tastiera - Mouse - Cuffie - Windows 11 PRO - WiFi USB - HDMI (CPU: I7 - RAM 32GB -SSD 480 GB, MONITOR 22"")"	689.9	False	https://www.amazon.it/dp/B0BRYHVMF8	3.9
148	LOVEVOOK Zaino Porta PC Donna, 15.6 Pollici Zaino da Viaggio Scuola Università Grande, Impermeabile Zaino Lavoro Ufficio Antifurto Elegante, Computer Laptop Travel Backpack Waterproof Cachi	39.99	True	https://www.amazon.it/dp/B0CHYFJ48F	4.7
149	Bracwiser Supporto per Monitor Regolabile, Rialzo Monitor, 3 Altezze, Supporto per Monitor da Scrivania per Computer Portatile, Computer, PC, Stampante fino a 20Kg Supporto Monitor Stand MST003(BW)	14.99	False	https://www.amazon.it/dp/B08PNP3CY7	4.6
150	"TopMate Supporto per Laptop per Scrivania Regolabile in Altezza, Supporti Portatili Computer Girevole, Appoggia PC Portatile con Supporto Telefono, Supporto Notebook per MacBook Air Pro 10-17"""	18.77	False	https://www.amazon.it/dp/B087RNYCYB	4.2
151	"mCover Custodia compatibile solo per computer Windows Lenovo IdeaPad Slim 3 da 15"" 2022-2024 | 3i 15ABR8 / 15AMN8 / 15IAH8 / 15IAN8 / 15IRH8 / 15IRU8 (non compatibile con altri modelli Lenovo) -"	33.17	False	https://www.amazon.it/dp/B0CTCZW7CL	4.2
152	MATEIN Borsa Lavoro donna Insegnante, Laptop 17.3 Pollici con Tracolla, Grande per Università, Valigetta porta Documenti per Affari, Viaggi, Rosa	34.99	False	https://www.amazon.it/dp/B0B97F74Y8	4.5
153	"PC Gaming Computer Fisso Desktop Completo GT1030 - Tastiera - Mouse - Cuffie - Windows 11 PRO - WiFi USB - HDMI (CPU: I7 - RAM 16GB -SSD 480 GB, MONITOR 24"")"	639.9	False	https://www.amazon.it/dp/B0CCJYG8FV	3.9
154	MATEIN Zaino Uomo, Grande Espandibile Zaino Porta PC 15,6 Pollici con Caricatore USB, Antifurto Zaino da Viaggio Portatile per Laptop Computer Notebook, Impermeabile Lavoro Zaini, Nero	35.99	True	https://www.amazon.it/dp/B087M1H5NB	4.6
155	HP ProDesk, Pc Desktop Pronto All'Uso, Computer Pc Fisso Intel i5-4570, Ram 16Gb, SSD 512Gb, Pacchetto Libre, DVD, W10 (Ricondizionato)	105.0	False	https://www.amazon.it/dp/B0BY955YQN	4.3
156	Della Gao Zaino da uomo da lavoro impermeabile zaino da scuola per donna con porta di ricarica USB per uomini donne scuola lavoro viaggio	33.99	False	https://www.amazon.it/dp/B07J326YB2	4.6
157	"bvate PC Portatile 14"" Win 11 Notebook 256 GB ROM Supporta l'espansione SSD 1TB 8GB RAM 2.4G+5G WiFi 1080 FHD BT4.2 USB HDMI con mouse senza fili & adesivi per tastiera Italiana-Grigio"	269.99	True	https://www.amazon.it/dp/B0D8WDJXR6	4.8
158	Logitech H340 Cuffie Cablate per Computer, Cuffie Stereo con Microfono e Audio Digitale, ‎Cancellazione Rumore, USB, PC/Mac/Laptop/Chromebook - Nero	25.58	False	https://www.amazon.it/dp/B008S1IOCY	4.3
159	"PC Gaming Computer Fisso Desktop Completo GT730 - Tastiera - Mouse - Cuffie - Windows 11 PRO - WiFi USB - HDMI (Ram: 16 GB - Ssd: 480 GB, Monitor 27"")"	619.9	False	https://www.amazon.it/dp/B0CCLMCCRH	3.7
160	BOPAI Antifurto Zaino per Computer PC Portatile Notebook Impermeabile per Laptop Business da Uomo da 15,6 Pollici con Porta USB di Ricarica Nero	66.99	True	https://www.amazon.it/dp/B0812YXKY7	4.6
161	"Samsung Galaxy Book3 360 Laptop, 13.3"" Super AMOLED, S Pen, Intel EVO, Intel Core i5-1340P 13th gen, 8GB RAM, 256GB SSD, Windows 11 Home, Graphite"	674.49	True	https://www.amazon.it/dp/B0C5RSCDXQ	4.2
162	Ewent EW1291 Supporto per Computer Desktop, Supporto per PC con Ruote, Protegge da Polvere e Sporco - per la Casa e L'Ufficio, Base Regolabile con 4 Ruote Girevoli, Nero	19.9	False	https://www.amazon.it/dp/B08Q8L7L2G	4.5
163	Adauxter Cavo HDMI 2.1 10K 8K 5M, Certificato 48Gbps Ultra Alta Velocità Cavo HDMI con Ethernet 4K 240Hz 165Hz 120Hz 8K60Hz eARC HDCP2.3 HDR10+ PC Computer Portatile TV Monitor Proiettore PS5 X-Box	22.9	False	https://www.amazon.it/dp/B098SZM2HS	4.7
164	Trust Verto Mouse Verticale Wireless, Ergonomico senza Filo, 800/1200/1600 DPI, Microricevitore USB, 2.4GHz, 6 Pulsanti per PC, Computer, Portatile, Mac - Nero	27.07	False	https://www.amazon.it/dp/B07FM2GLNQ	4.4
165	LeadsaiL Mouse Wireless, Silenzioso Mouse Senza Fili per PC Portatile, Ergonomico 2,4 GHz USB Mouse, 1600 DPI, Compatto, Smooth Tracking per Chromebook, Mac, Computer, Notebook - Rosa	9.99	False	https://www.amazon.it/dp/B09TGLVDMC	4.5
166	"MSI Prestige 14Evo B13M-263IT, Notebook 14"" 60Hz, Intel i7-13700H, Intel Iris Xe, RAM LPDDR5 16GB, 1TB SSD PCIe 4, WiFi 6E Win 11 Home [Layout e Garanzia ITA]"	799.0	True	https://www.amazon.it/dp/B0BS6XZX98	4.1
167	PC Gaming Computer Fisso Desktop Compatibile Con Intel i5 - GeForce GT 730 4 GB DDR3 - Windows 11 PRO - WiFi USB - HDMI e VGA - Wireless - Ufficio Internet Scuola Scuola (RAM 32 GB - SSD 1 TB)	379.0	False	https://www.amazon.it/dp/B0CQMVN36K	3.9
168	"Lenovo ThinkCentre M900Z PC Computer All-In-One 23.8"" Full HD Intel i5-6400 Ram 16GB SSD 240GB Webcam Windows 10 LETTORE DVD-RW WIFI KEY (Ricondizionato)"	339.0	False	https://www.amazon.it/dp/B0BVRJJ5RW	4.3
169	Caricatore 20V 65w per Lenovo PC Portatile Adattatore Caricabatterie per Lenovo Thinkpad T470 T470S T450 T450S T460 T440 T540P E570 E560 IdeaPad Yoga 11 11s 13 2 Pro 13 ADLX65NLC3A ADLX65NLC2A	15.88	False	https://www.amazon.it/dp/B0B8MS8ZRH	4.7
170	jumper Computer portatile, 16 Pollici IPS 1200P FHD Schermo, Processore 5305U, 4GB RAM 128GB SSD PC portatile, Abbonamento di 1 Anno Office 365,Tastiera numerica, Altoparlanti stereo, HDMI, WiFi	529.99	True	https://www.amazon.it/dp/B0DBLFSZG2	3.7
171	"Mixroom - Zaino Porta Porta PC Uomo Borsa per Computer Portatile Custodia Laptop Notebook 15.6"" Con Attacco USB Casual Scuola Viaggio Z33"	25.9	False	https://www.amazon.it/dp/B0CNK9FK6L	4.5
172	LOVEVOOK Zaino Porta PC Donna, 15,6 Pollici Impermeabile Computer Backpack Antifurto con Porta USB e Scomparto per Laptop per Scuola Università Viaggi Lavoro Aereo Ufficio, Nero	39.99	True	https://www.amazon.it/dp/B0B6J3LD39	4.5
173	Kommodum - Zaino Porta PC Borsa per PC Portatile Custodia Computer Notebook Laptop con Attacco USB Scuola Lavoro Viaggio	21.9	False	https://www.amazon.it/dp/B0D2NC3FF1	4.2
174	531 Pz M2 M2.5 M3 Viti per Laptop, Viti per Computer Portatile PC Notebook, Viti Phillips a Testa Piatta, Viti a Testa Svasata a Croce per PC SSD, Viti Compatibile con HP Dell Samsung Sony Lenovo	9.99	False	https://www.amazon.it/dp/B0CZWQDTNM	4.3
175	Kroser Zaino per computer portatile da 17,3”, casual, resistente all’acqua, con porta USB, per la scuola, il lavoro e i viaggi, da donna e da uomo	39.99	True	https://www.amazon.it/dp/B077RV492Y	4.6
176	Wexultor PC Portatile 15,6 pollici, Notebook Celeron N4000 CPU, Windows 11 Laptop 8GB DDR4 RAM 256GB SSD, PC Portatile da ufficio Schermo IPS FHD 1920 * 1080, TF Card Slot, USB3.0+BT5.0+Mini-HDMI	219.99	True	https://www.amazon.it/dp/B0D8KPD767	3.7
177	HP Essential Borsa Tracolla Per Notebook, Grigio, Taglia 15.6	16.99	False	https://www.amazon.it/dp/B00MGRAC30	4.7
178	Babacom Supporto PC Portatile, 6-Levels Regolabile Raffreddamento Supporto Laptop, Alluminio Ventilato, Leggero Vassoi di Appoggio per PC portatili Compatibile con MacBook PRO Air, 10-15,6” Laptop	15.99	False	https://www.amazon.it/dp/B086V28W64	4.6
179	"RAINYEAR 15,6 Pollici Custodia Protettiva per Laptop PC Computer Portatili Sleeve Tasca Caso Borsa da Trasporto con Piccola Borsa Aggiuntiva,Compatibile con 15,6"" Chromebook Ultrabook Notebook,Nero"	19.99	False	https://www.amazon.it/dp/B06XBL1FF8	4.4
180	90W Alimentatore per Sony Vaio 19.5V 4.7A Notebook Caricatore Adattatore PC Portatile per Sony Vaio PCG VGN VGP Serie PCG-C1 PCG-71211M Laptop Caricatori PC Connettore 6.5 * 4.4mm	17.89	False	https://www.amazon.it/dp/B09BFFBLM1	4.6
181	ACEMAGIC PC Portatile 16 Pollici 16GB DDR4 512GB SSD,In-tel N97(Sconfitta N95/N100,Fino a 3,6GHz) Notebook,1920 * 1200 IPS Full HD Portatile,Scocca in metallo,WiFi6,BT5.0,3*USB3.2,HDMI,tipo C Ufficio	359.68	True	https://www.amazon.it/dp/B0CR8YB339	4.2
182	"HP 250 G9 notebook portatile, ram 16 gb ddr4, SSD da 512 Gb display fullhd 15.6"", N 4500, Tastiera retroilluminata, Wi-fi 6, 3 usb, Win 11 pro, libre office, pronto all'uso, garanzia italia"	459.0	True	https://www.amazon.it/dp/B09RC3TC6Z	4.3
183	"HP Victus 15-fa1003sl Notebook, Intel Core i5-12500H, RAM 16GB, 1TB SSD PCIe M.2, Display 15.6"" FHD IPS 144Hz, Nvidia RTX 4050 6GB, Wi-Fi 6E, BLE 5.3, Windows 11, 3 Mesi di PC Game Pass inclusi, Nero"	899.99	True	https://www.amazon.it/dp/B0C5XPDMZQ	4.1
184	Camomilla Milano Borsa Ufficio Porta PC Donna, Borsa Porta PC, Borsa Computer Donna, Messenger porta PC, Borsa per Pc 14-16 pollici, Borsa per Laptop 14-16 pollici	79.99	True	https://www.amazon.it/dp/B0D9WN7HY7	4.8
185	HP Prelude, Borsa per Laptop fino a 17,3 Pollici, Tasca Interna Imbottita per Accessori, Cerniera Rinforzata, Realizzata con materiali Impermeabili, Grigia	14.98	False	https://www.amazon.it/dp/B096BDBQ29	4.6
186	"Voomy Supporto PC Portatile Alluminio 6 Livelli, Supporto per Portatile Ergonomico, Supporto per Laptop Compatibile con Portatili da 9-16"", Nero"	13.99	False	https://www.amazon.it/dp/B09ZHZQ4N8	4.5
187	BOSGAME E1 Mini PC [2.5G Dual LAN], 16GB DDR4 512GB SSD 12th Gen N100 (fino a 3.4GHz), Mini Desktop Computer Supporta WiFi6, BT5.2, USB3.2 e 4K @60Hz Triple Display	279.0	True	https://www.amazon.it/dp/B0CSK5J5T7	5.0
188	GOLF QUALITY Zaino da Viaggio Donna Zaino Antifurto Zaino PC Portatile 14 Pollici Notebook, Zaino per Laptop, Zaino Porta PC,Zaino per Computer,Zaino Lavoro per Scuola Viaggio,Mandorla	37.99	True	https://www.amazon.it/dp/B0CBJVB4FG	4.5
189	KROSER Borsa per Laptop Cartella per Laptop Premium Adatto per Laptop fino a 17,3 Pollici Borsa a Tracolla Espandibile a Tracolla Borsa per Computer per Viaggi/Affari/Scuola/Uomini/Donne-Nero	41.99	True	https://www.amazon.it/dp/B07M5N8X11	4.6
190	"Lenovo Notebook nuovo • Ram 16gb • cpu Intel N4500 @ 2,8ghz • Monitor 15.6"" Full HD • hssd 756 gb • Ingresso lan, hdmi, USB • Sistema operativo win 11 PRO e Libre Office • mouse wireless + cuffie"	369.0	True	https://www.amazon.it/dp/B0C7H5K9DB	4.5
191	Suptek Supporto per Monitor, Rialzo da Tavolo per Computer, Laptop, Stampante, Notebook, Ergonomico e Regolabile, Nero	12.74	False	https://www.amazon.it/dp/B0C3MNVCGG	4.7
192	ANTIEE JK6Y6 Laptop Batteria per Dell Latitude 3410 3510 Vostro 5300 5401 5501 Inspiron 5300 5401 5408 5501 5508 5400 7405 7300 7500 2-in-1 Silver Series C5KG6 CF5RH H5CKD 11.25V 40Wh 3Cell	36.99	True	https://www.amazon.it/dp/B07GBRR6VN	3.8
193	TooQ UMCS0004-B - Supporto da terra con ruote per CPU, metallico, fino a 10kg di peso, supporta torri da 119mm a 209mm di larghezza, colore nero	21.24	False	https://www.amazon.it/dp/B07WV3WKYB	4.5
194	ACAGET Cuffie USB per Computer,PC Gaming Cuffie con Filo Stereo HiFi Semi In Ear Cuffie PC USB con Microfono Cancellazione del Rumore Controllo del Volume per PC/Mac/Laptop/Chromebook/per PS5/Windows	13.99	False	https://www.amazon.it/dp/B097SJF4CB	4.1
195	Aothia Tappetino da scrivania, tappetino per mouse, assorbente da scrivania in pelle PU antiscivolo, protezione da scrivania per laptop per casa e ufficio(80cmx40cm,Albicocca)	17.69	False	https://www.amazon.it/dp/B08N614VLQ	4.5
196	PC Gaming Computer Fisso Desktop Compatibile Con Intel i5 - GeForce GT 730 4 GB DDR3 - Windows 11 PRO - WiFi USB - HDMI e VGA - Wireless - Ufficio Internet Scuola (RAM 16 GB - SSD 240 GB + HD 1 TB)	319.9	False	https://www.amazon.it/dp/B0992V947Z	3.9
197	"Lenovo Notebook NUOVO • Ram 16GB • CPU Intel i5-1342H • Monitor 15.6"" Full HD • SSD 512 GB • Ingresso LAN, HDMI, USB • Sistema operativo WIN 11 PRO e Libre Office • Pc portatile pronto all'uso"	464.0	True	https://www.amazon.it/dp/B0BFB11YY6	4.4
198	Tablet 10 Pollici Andriod 13 GMS, 12 GB RAM+128 GB ROM (TF 1TB), Octa Core, Tablet PC Dual Caméra HD/IPS, 6000mAh, Tablet WiFi con Bluetooth Type-C Netflix Tablet in offerta Tastiera e Mouse, Rosa	89.99	False	https://www.amazon.it/dp/B0CXXFKKVZ	4.1
199	bvate PC Portatile Win 11 Computer 14 Pollici Notebook 6GB+256GB Supporta l' espansione 1TB SSD 2.4G+5G 1080P con mouse senza fili & & Film in lingua siliconica per tastiera(Italiana)-Oro rosa	239.99	True	https://www.amazon.it/dp/B0D8WP3RHC	5.0
200	"PC Portatile ACEMAGIC 16GB DDR4 RAM 512GB SSD,15.6"" Full HD Computer Portatile,Alder Lake-N N95【Battere N100/N5095,Fino a 3.4Ghz】,Windows 11 Laptop,1920 * 1080,HDMI,Ufficio"	365.95	True	https://www.amazon.it/dp/B0D8QN69XF	4.3
201	"Dell Inspiron 15 3520 Notebook 15.6"" Schermo FHD (1920 x 1080), Intel Core i5-1235U, Grafica Intel UHD, 16 GB RAM, 512 GB SSD, Windows 11 Home, Tastiera Italiana, Nero"	569.0	True	https://www.amazon.it/dp/B0D188467B	4.2
202	"KROSER 17.3-18.5"" Borsa per Laptop Borsa"	39.99	True	https://www.amazon.it/dp/B08869M5Z8	4.5
203	SHULIANCABLE Cavo da HDMI a VGA, Cavo adattatore HDMI a VGA Placcato in Oro, Compatibile con Computer, Desktop, Laptop, PC, Monitor, Proiettore, HDTV (1.8M)	11.99	False	https://www.amazon.it/dp/B0BLNLK97G	4.3
204	Dell Optiplex 3060 SFF PC Computer Intel Core i5-8400 Ram 8Gb DDR4 SSD 256Gb M.2 NVMe Wi-Fi Windows 11 Pro + Office 2021 (Ricondizionato)	233.72	False	https://www.amazon.it/dp/B0C9JTNX4L	3.6
205	Moleskine Device Bag Collezione Classic Leather, Borsa Porta PC Verticale in Pelle, Zaino Porta PC per Laptop, Notebook, iPad, Computer fino a 15'', Dimensioni 30 x 8,5 x 40 cm, Colore Nero	149.99	True	https://www.amazon.it/dp/B07B639C1M	4.6
206	MATEIN Zaino Uomo Zaino per PC Portatile, 15.6 Pollici Zaino Porta PC con Caricatore USB Zaino da lavoro, Impermeabile Zaino per Laptop, Computer, Notebook, Viaggio Regalo Uomo & Donna - Nero	32.99	False	https://www.amazon.it/dp/B074KV9TT4	4.6
207	PC Portatile 15,6 pollici, notebook 16 GB RAM 512 GB SSD, laptop Celeron N95 FHD 1080P, notebook WiFi dual-band Touch ID, con mini HDMI, 2xUSB 3.0, laptop con tastiera retroilluminata full size	289.99	True	https://www.amazon.it/dp/B0D62WHL57	3.9
208	bvate PC Portatile 14 Pollici Computer Portatile 8GB RAM 256GB SSD RPM 600 Notebook Celeron Fino a 2.8Ghz Laptop Win 11 con Mouse Wireless & Adesivi per Tastiera Italiana-Argento	249.99	True	https://www.amazon.it/dp/B0D8WB5SVN	4.8
209	"HP 250 G9, Pc portatile notebook, Display Full HD da 15,6"", cpu Intel i3 di 12Th, ram da 16 Gb, SSHD 756 Gb, Windows 11 Pro, computer portatile, Layout Italiano, pronto all'uso"	459.0	True	https://www.amazon.it/dp/B09JHSV95P	4.4
210	PC Portatile 14 Pollici Computer Portatile Win 11 256 GB ROM Celeron N4020 2.4G+5G WiFi upto 2.8 GHz Supporta l'espansione SSD 1TB 4.2 USB HDMI Tastiera Italiana Membrana Mouse Senza Fili-Argento	229.99	True	https://www.amazon.it/dp/B0D8W8J3JH	4.8
211	"Trust Bologna Slim Eco Borsa per Laptop fino a 16"", Borsa per Laptop Sostenibile in Plastica Riciclata, con Tracolla, Custodia per Viaggio, Lavoro, Ufficio, Scuola"	14.99	False	https://www.amazon.it/dp/B09G6YM32W	4.5
212	Samsung Galaxy Chromebook Go, Computer Portatile XE340XDA-KA1IT Chrome OS, Processore Intel Celeron, Display Screen 14” Full HD LED, RAM 4GB, Memoria eMMC 64GB, USB-C, Silver (Versione Italiana)	199.0	True	https://www.amazon.it/dp/B09BN3MFH8	4.3
213	Samsonite Lapt.backpack Zaino Porta PC Unisex - Adulto (Pacco da 1)	77.23	True	https://www.amazon.it/dp/B07LC882HT	4.6
214	"Acer Aspire 3 A315-59-5067 PC Portatile, Notebook, Processore Intel Core i5-1235U, RAM 16 GB DDR4, 512 GB PCIe NVMe SSD, Display 15.6"" FHD LCD, Scheda Grafica Intel Iris Xe, Windows 11 Home, Silver"	529.0	True	https://www.amazon.it/dp/B0CTCGN9BP	4.6
215	Hcjip PC Portatile 15,6 Pollici 16G RAM 512G ROM Computer Portatile Processore Quad Core Celeron N5095, Fino a 2,9 GHz, 1080P FHD Laptop, WiFi, Bluetooth, Mini HDMI, USB 3.0, Type C (Grigio Argento)	269.99	True	https://www.amazon.it/dp/B0DCVQGH59	4.0
216	TECKNET Set Tastiera e Mouse Wireless, 2.4G Silenzioso con Ricevitore Nano USB, 12 Scorciatoie Multimediali per Computer, PC, Laptop, Desktop, Smart TV Android	27.99	False	https://www.amazon.it/dp/B0B58PXK4N	4.5
217	Lenovo ThinkCentre M920s SFF | Intel Core i7-8700 | 32 GB RAM | 1 TERA SSD Windows 11 Pro WiFi Bluetooth Display Port USB Type-C – GARANZIA 36 MESI (Ricondizionato)	519.0	True	https://www.amazon.it/dp/B0CX25FBXZ	4.1
218	"Ventola per PC Portatile e Laptop fino a 16"" - Base di Raffreddamento Silenziosa, con Entrata USB Supplementare, Preserva la Durata del PC"	5.99	False	https://www.amazon.it/dp/B095KR4LWY	4.3
219	Trust Gaming GXT 620 Axon Soundbar Illuminata RGB 12W, Alimentazione USB, 3.5mm AUX, Altoparlanti, Casse PC per Computer, Laptop, Smartphone, Tablet, TV - Nero	18.99	False	https://www.amazon.it/dp/B09GFW6SK2	4.4
220	ARVOK 15 15,6 16 Pollici Custodia per Laptop con Borsa Extra per MacBook Pro 16 2021[Versione di aggiornamento 2023] Impermeabile Sleeve per Laptop per HP/MacBook/Lenovo/ASUS/Dell/MSI/Acer	17.99	False	https://www.amazon.it/dp/B0C4T8LQ2J	4.5
221	DILC, Pc Fisso DILC Airo Plus, Cpu J4125, Quad Core 2.0 Ghz, RAM DDR4 16 GB, SSD 480 GB, WiFi 300 Mbps, Masterizzatore, Scheda Video integrata UHD 600, Licenza Windows 11 PRO	189.99	False	https://www.amazon.it/dp/B06Y56DZ8G	4.1
222	65W Caricatore Portatile Alimentatore per Lenovo IdeaPad 3 5 310 310S 320 320S 330 330S 310-14IKB 320-15IKB 330-15IKB 330S-14IKB S145 S540 Flex 5 6 ADLX65CCGE2A ADLX65CDGE2A Caricabatterie	19.88	False	https://www.amazon.it/dp/B08YYXQSST	4.5
223	"Lenovo, Pc portatile Intel Core i5 Pronto All'Uso con Pacchetto libre office, Notebook Con Display HD da 14"", Ram 16Gb, SSD 512Gb, Garanzia Italiana (Ricondizionato)"	255.0	False	https://www.amazon.it/dp/B09HMXSB2B	4.3
224	"Computer portatile da 14,1"", 6 GB di RAM, 128 GB di SSD, N4000 Celeron Dual-Core, Wi-Fi Bluetooth 2,4/5,0G, 1366 x 768 IPS, design senza ventola, incluso un mouse, tastiera a membrana."	189.99	False	https://www.amazon.it/dp/B0D54CZXPJ	4.2
225	PC fisso Computer desktop - Intel Core I7 4770 - Ram 32 GB - SSD 1 TB - Scheda Video Nvidia GT 730 4 GB - Masterizzatore DVD - WIFI interno - Windows 11 Pro - HDMI - VGA	599.0	True	https://www.amazon.it/dp/B0BBWFXPSW	4.3
226	GOLF SUPAGS Elegante Zaino per Laptop da Donna Approvato Dalla Compagnia Aerea Perfetto per il Lavoro, l'università e i Viaggi Zaino Multifunzionale Casual Adatto a Notebook da 15,6 Pollici	38.99	True	https://www.amazon.it/dp/B0C7479R7J	4.6
227	TECOOL 14 Pollici Custodia PC Portatile per 14 Pollici HP Elitebook Lenovo Thinkpad Ideapad Dell Acer ASUS Chromebook Notebook Laptop, Custodia 15,3'' MacBook Air M3 M2 2024 2023,Nero	17.99	False	https://www.amazon.it/dp/B0CRBGWVKP	4.5
228	Supporto per CPU per PC, Supporto da terra con ruote per CPU, Supporto per case del computer, Rimovibile e regolabile con freni, Per computer desktop, Colore: nero	19.99	False	https://www.amazon.it/dp/B093V7LB62	4.6
229	deleyCON 1m Cavo di Alimentazione Cavo di Rete Cavo di Corrente Spina con Impianto di Terra Tipo F (CEE 7/4) 90° Angolato a Connettore IEC C13 Femmina 90° Angolato PC Computer Monitor - Nero	9.28	False	https://www.amazon.it/dp/B07Y1T1C3D	4.6
230	DARYUKUM PC Portatile da 14 pollici, Notebook con processore Win11 Pro Celeron J4125, Laptop 8 GB LPDDR4 256 GB SSD ROM Mini HDMI USB 3.0 2.0 WiFi Bluetooth 5.0 Argento PC sottile e leggero	229.99	True	https://www.amazon.it/dp/B0D7HMRRZL	4.1
231	Zaino del computer portatile, zaino di viaggio impermeabile insegnante infermiera di lavoro College Bookbag, 17.3 pollici borsa del computer portatile Wide Open Design, verde	38.96	True	https://www.amazon.it/dp/B0C6CZ5NPB	4.4
232	Baseus Hub USB C 7 in 1 Adattatore con HDMI 4K@60Hz, PD 100W, 3 USB-A 3.0 5Gbps, Lettore Schede SD/TF, Docking Station per Computer Portatili per MacBook/Surface Pro/iPad/Steam Deck/Rog Ally/Samsung	19.99	False	https://www.amazon.it/dp/B0C9JKKL7N	4.5
233	"LENOVO Notebook NUOVO • CPU Intel n4500 fino a 4,4ghz • Monitor 15.6"" Full HD • HSSD 1256 GB • Ram 8GB • Ingresso LAN, HDMI, USB • Sistema operativo WIN 11 PRO e Libre Office • PENNA FINGER PRINT USB"	315.0	True	https://www.amazon.it/dp/B0BVG3FJZN	4.5
234	HP EliteDesk 800 G2 Desktop Mini USDT Intel Quad Core i5 256 GB SSD disco rigido 8 GB memoria Win 10 Pro MAR Ultra Slim Desktop Computer Mini PC (Ricondizionato)	108.98	False	https://www.amazon.it/dp/B081TB2SZ1	4.0
235	AOC PC Portatile 16GB DDR4 RAM 512GB SSD, N97 è superiore al N95,15.6 Pollici FHD Schermo,Gaming Notebook, Laptop (fino a 3,6 GHz) 5G WiFi/BT5.1, USB3.0, HDMI 2.0 Computer Portatile (Grigio)	399.98	True	https://www.amazon.it/dp/B0D8L79YR8	4.4
236	Hub USB 3.0 di estensione, a 7 porte, con interruttori di alimentazione e spie singole, splitter dati ad alta velocità, portatile per PC, laptop ecc.	17.99	False	https://www.amazon.it/dp/B096XMBWTR	4.3
237	NOTODD PC Portatile Win 11 Laptop 6GB RAM 256GB ROM Estensioni SSD 1TB, Notebook 14 Pollici Celeron N4020 (fino a 2.8GHz) 5G WiFi 1080FHD Bluetooth 4.2 USB 3.0 Tastiera Membrana-Grigio	249.99	True	https://www.amazon.it/dp/B0D93H1KMR	4.9
238	MIRU Borsa Porta PC 15.6 pollici, Tessuto Impermeabile, Borsa porta computer portatile con cinghia regolabile, Antishock per Laptop. Borsa Donna e Uomo, Custodia PC 15.6 pollici	16.56	False	https://www.amazon.it/dp/B0CNTML11B	4.1
239	SinLoon Interruttore di alimentazione PC, computer desktop, interruttore di alimentazione, avvio remoto esterno, scheda madre del computer, interruttore di alimentazione, pulsante, prolunga con luce	11.99	False	https://www.amazon.it/dp/B0D2HT1TFM	4.6
240	Italian Learning Keyboard Layout Sticker tasti neri adesivi per computer	4.79	False	https://www.amazon.it/dp/B00IF2XVR4	4.4
241	Apple MacBook Pro Retina Display con 2.3GHz Intel Core i5 Dual Core (13-inch, 8GB RAM, 128GB SSD) (QWERTY English) Argento (Ricondizionato)	449.0	False	https://www.amazon.it/dp/B07NNYRRF5	3.6
242	HP X500 Mouse Ottico, Nero	7.99	False	https://www.amazon.it/dp/B00G0F71ZG	4.6
243	TQQ Mouse wireless ricaricabile, mouse retroilluminato a 7 colori con mini ricevitore USB da 2,4 GHz, mouse gaming, Compatibile con laptop, PC, Mac, Computer, Chromebook, Notebook	11.99	False	https://www.amazon.it/dp/B09M3P8YBQ	4.3
244	Lettore Schede SD Lettore Micro SD accessori pc,6in1 scheda USB TF/SD/Micro USB-C Adattatore OTG lettore sd card Schede Portatile per Computer/Android Smartphone/Tablet con OTG Funzione	5.99	False	https://www.amazon.it/dp/B0CJF34QR8	4.2
245	Webcam PC con microfono accessori pc webcam usb,webcam 1080p telecamera pc webcam streaming Fotocamera Webcam PC Laptop Desktop Computer webcam per Zoom YouTube Gaming Twitch PC/Mac	11.49	False	https://www.amazon.it/dp/B0CWGJJYHG	4.1
246	"Prixton - Laptop Flex Pro Convertibile 2 in 1 - Touch Screen 11,6"" - Windows 11 Home Intel Gemini Lake N4020 - Memoria 4GB/128GB - Tastiera QWERTY"	239.95	True	https://www.amazon.it/dp/B07TCMJQTF	3.5
247	65 W Caricabatterie PC per Lenovo Thinkpad X1 Carbon T430 T440 T450 T460 T470 T560 T540p E550 E560 E570 G50 Z50 X240 X250 X270 ADLX455555550 NDC3A ADD. LX45NCC3A 20V 3.25A Yoga 11 Computer Portatile	17.58	False	https://www.amazon.it/dp/B097P2XWWR	4.6
248	F Fityle Zaini per Pc Portatili Zaino per Laptop Zaino in Pelle Uomo per Notebook, Con Spallacci Regolabili E Maniglia Superiore, Impermeabile, Leggero	26.99	False	https://www.amazon.it/dp/B0C77K5W53	3.8
249	HP EliteBook Portatile 840 G1 - iCore i5 4300U - Ram 8GB - SSD 250GB - Led 14 pollici - Win 10 Pro (Ricondizionato)	199.99	True	https://www.amazon.it/dp/B07NRYWDHP	4.1
250	Dell Optiplex 7040 Desktop Mini Intel Core i5-6400T, RAM 8GB DDR4, SSD 240GB, USB 3.0, HDMI, Windows 10 Pro (ricondizionato)	116.0	True	https://www.amazon.it/dp/B09H73MCCP	4.3
251	BENFEI Adattatore HDMI a VGA, Unidirezionale HDMI Computer a VGA Monitor, Placcato in Oro per Computer Desktop Laptop PC Monitor proiettore HDTV Chromebook Raspberry Pi Roku Xbox	7.99	False	https://www.amazon.it/dp/B075GZ8DX7	4.4
252	Trust arys standard Casse PC 2.0 Set Altoparlanti Stereo, 28 W, Alimentazione USB, Jack AUX 3.5 mm, Casse per PC Fisso, Altoparlante per Computer, Portatile, Tablet, Smartphone - Nero	22.99	False	https://www.amazon.it/dp/B00PC4UP2C	4.3
253	"HP Prelude, Zaino per Laptop fino da 15,6"", con Cinghie Imbottite Antiscivolo e Cerniera Colorata, 1 Scomparto Principale e 6 Tasche Interne ed Esterne, Realizzato con Materiale Riciclato, Grigio"	16.99	False	https://www.amazon.it/dp/B0924GWYS1	4.6
254	"Lenovo, Thinkpad Pc portatile Intel Core i5-6Th, Ram 16 Gb, SSD 512 Gb, Pronto all'uso con Pacchetto Libre, Display HD da 14"", W10 e Chiavetta USB Fingerprint (Ricondizionato)"	258.9	False	https://www.amazon.it/dp/B0CR1RZBYN	4.0
255	Insoluxia 15.6 pollici PC Portatile, Notebook Celeron N4000 CPU, Windows 11 Computer Portatile 8GB LPDDR4 RAM 256GB SSD, Schermo FHD 1920 * 1080, USB3.0, WiFi, Mini HDMI, TF Card Slot, BT4.2	219.99	True	https://www.amazon.it/dp/B0D7BX4BXG	4.0
256	ACEMAGIC PC Portatile Gaming con In-tel Alder Lake N97 (Fino a 3.6Ghz) Gaming Notebook,16GB DDR4 RAM 512GB SSD,WiFi,BT5.0,Type_C, USB3.2,HDMI,Computer Laptop - Versione 2.0	419.99	True	https://www.amazon.it/dp/B0D5B6BR23	4.1
257	VulTech SC-1560 Borsa per Notebook 15.6”,Slim con Vano pc Imbottito, Maniglie e Tasca Esterna, Tracolla rimovibile e regolabile	12.0	False	https://www.amazon.it/dp/B08GMB3XDD	4.5
258	"Trust Custodia Morbida per Portatili da 15.6"", Nero"	14.2	False	https://www.amazon.it/dp/B01DDP80ZU	4.2
259	Trust Primo Cuffie con Microfono Leggere, Connessione 3,5 mm, Cavo 1,8 m, Auricolari con Filo, Headphones Cablato per PC, Computer, Portatile, Laptop, Macbook, Ufficio, Teams, Skype, Zoom - Nero	5.39	False	https://www.amazon.it/dp/B01M0V6VPG	4.0
260	Caricatore per Lenovo PC Portatile 65W Alimentatore per Lenovo Ideapad 310 320 330 510S Yoga 510 520 710 S145 Flex 4 5 6 adlx65clge2a adlx65ccge2a 20V 3.25A Caricabatterie Laptop	16.68	False	https://www.amazon.it/dp/B09BZ2JKJF	4.4
261	"Lenovo IdeaCentre Computer desktop All-In-One, Display 24"" FHD, Intel Core i5-13420H, 512GB SSD, RAM 8GB, Base ricarica smartphone wireless, Speakers, WiFi 6, Windows 11 H, Tastiera + Mouse Wireless"	699.0	True	https://www.amazon.it/dp/B0CW3NNC5C	4.7
262	ACEMAGICIAN T8PLUS Mini PC, Ιntel Alder Lake-N100 (Fino 3,4 GHz), 16GB LPDDR5 512GB M.2 SSD, Mini Desktop Computer Windows 11 Pro, Dual Ethernet,4K UHD, per Ufficio	189.99	True	https://www.amazon.it/dp/B0D5YSDDZV	4.5
263	"HP Notebook G9 Intel i5-1235u 10 Core 4,4 Ghz 15,6"" Full Hd, Ram 16Gb Ddr4, Ssd Nvme 500Gb M2, Hdmi, Usb 3.0, Wifi, Lan,Bluetooth, Webcam,Windows 11 Pro,Office 2021"	533.9	False	https://www.amazon.it/dp/B091Z4SW53	4.4
264	Trust Voca Mouse con Filo, Forma Confortevole, 800-2400 DPI, Cavo USB 1,6 m, Plug and Play, 6 Pulsanti, Mouse Cablato per PC, Computer, Portatile, Laptop, Macbook, Ufficio - Nero	7.99	False	https://www.amazon.it/dp/B0897WCX5X	4.5
265	Intel NUC 12 Pro Mini PC Core i7-1260P|12 Kerne 16 Threads Mini Desktop Computer Iris Xe Grafik|16GB RAM 512GB SSD|Windows 11 Pro Desktop Mini Computer|Bluetooth 5.3|WiFi 6E |Thunderbolt4	898.0	True	https://www.amazon.it/dp/B0CD7TZLZD	5.0
266	Trust Taro Tastiera USB Cablata, Layout Italiano QWERTY, Tastiera PC con Filo per Computer/Laptop/Notebook, Mac/Windows, Cavo di 1.8 Metri, Resistente ai Liquidi, Ergonomico - Nero	11.99	False	https://www.amazon.it/dp/B08DG47ML4	4.4
267	Kommodum - Zaino Porta PC Ultra Leggero Borsa per PC Portatile Custodia Computer Notebook Laptop in Membrana Impermeabile per Business Viaggio Lavoro Nero KM07	29.9	False	https://www.amazon.it/dp/B0D14DJT96	4.7
268	Akuoly Set di Viti per Computer, Viti per PC Costruzione o Riparazione di 2.5‘’ SSD, 3.5‘’ HDD, Scheda Madre, Ventola, 166 Pezzi	10.99	False	https://www.amazon.it/dp/B08MD1LN12	4.6
269	AOCWEI PC Portatile 14 Pollici Celeron N4020, Win 11 Notebook con 5G WiFi 6GB+256GB SSD Expansion 1TB, BT4.2 Supporto Mouse Wireless & Protezione Tastiera - Oro	209.99	True	https://www.amazon.it/dp/B0BHYZV44D	4.6
270	Dell Vostro 5050 SFF PC Computer Desktop, Windows 11 Pro + Office 2021, Intel Core i7-6700 Ram 32GB DDR4 SSD 1TB HDMI Display Port (Ricondizionato)	260.0	False	https://www.amazon.it/dp/B0BVMBB7R1	4.2
271	Gimars 2pcs Cusicni Poggiapolsi Gomito Bracciolo in Memory Foam,Wrist Rest Pad Ergonomico Sollievo dal Dolore, Poggiapolsi Antiscivolo Comodo per Ufficio Scrivania Gaming Computer,Laptop,Mac,Nero	17.98	False	https://www.amazon.it/dp/B0CFTDLXCY	4.6
272	Hoken Pc fisso i7, Computer desktop i7, Ram 16Gb, Ssd 1 Tb, Windows 11 PRO, Office, Pc desktop pronto all'uso	329.99	True	https://www.amazon.it/dp/B0CL56V4HP	4.1
273	ARZOPA Monitor Portatile, Schermo Portatile 15,6 Pollici, 1920x1080 FHD, Supporto HDMI/Tipo-C/USB-C, Schermo da Gioco Eye-Care, Doppi Altoparlanti Incorporati per Laptop/PC/Mac/PS3/4/5/Xbox	129.99	True	https://www.amazon.it/dp/B092KKLH93	4.4
274	"MSI Thin 15 B13UCX-2008IT, Notebook Gaming, 15.6"" FHD 144Hz, i7-13620H, Nvidia RTX 2050 GDDR6 4GB, SSD PCIe4 512GB, RAM DDR4 16GB 3200MHz, WiFi 6E, Win 11 Home [Layout e Garanzia ITA] Gray"	749.0	True	https://www.amazon.it/dp/B0CYHFW8J3	4.5
275	Dell Precision 3620 Tower PC Computer Desktop (Ricondizionato) CPU Intel Core i7-6700, Ram 16GB DDR4, SSD 512GB SATA, DP e HDMI, Windows 10 Pro + pacchetto Office	239.9	False	https://www.amazon.it/dp/B0CTKKF4J9	4.2
276	Ewent Cavo Alimentazione per PC, Notebook, Laptop e Monitor, Spina Italiana 10A a Presa Tripolare Topolino, Trifoglio, Lunghezza: 1,80 Metri EW-190104-020-N-P	12.0	False	https://www.amazon.it/dp/B009X6647K	4.6
277	"ASUS Chromebook CX1 CX1400CKA, Notebook 14"" Anti-Glare, Intel Celeron N4500, RAM 4GB, 64GB eMMC, Intel UHD Graphics 600, ChromeOS, Argento"	229.0	True	https://www.amazon.it/dp/B0BSLLC15K	4.2
278	bagasin Borsa a Tracolla per PC, Borsa Messenger per Porta Laptop 15 15,6 16 Pollici, Custodia per PC Computer Portatile, Valigetta Tessuto Idrorepellente, Imbottita e Leggera	24.99	False	https://www.amazon.it/dp/B0BWR4T89S	4.6
279	Link SP30 Bomboletta LINK AIR. Spray aria compressa per la pulizia di Tastiere, Computer ed accessori (IL PIU' VENDUTO DI LINK, PRODOTTI PER LA PULIZIA)	2.77	False	https://www.amazon.it/dp/B0095GG2QG	4.2
280	PC fisso Computer desktop - Intel Core I7 4770 - Ram 32 GB - SSD 1 TB - Intel HD 4600 - masterizzatore - Wi-Fi interno - Windows 11 Pro - HDMI -VGA - DVI - 6 x USB 2.0-3 x USB 3.0	519.0	True	https://www.amazon.it/dp/B0BBWFCGFH	4.5
281	Bracwiser Supporto da scrivania a 3 monitor regolabile in altezza, con piattaforma a griglia per laptop, computer, PC, stampante, proiettore fino a 20 kg, bianco	18.99	False	https://www.amazon.it/dp/B0C8P3Z8Y7	4.6
282	NOTODD PC Portatile Laptop Celeron N4020 (fino a 2.8 GHz), Win 11 Notebook 14 Pollici con 6GB+256GB SSD Expansion 1TB 5G WiFi, BT4.2 Supporto Mouse Wireless & Protezione Tastiera -Rosso	282.34	True	https://www.amazon.it/dp/B0D7W37TZ5	5.0
283	Zaino Uomo Grande 50L,17 Pollici Zaino Porta PC Zaino Lavoro Uomo Impermeabile Antifurto Zaino Laptop Computer Notebook Borse Zaino per PC Portatile con Caricatore USB per Viaggio Ufficio Scuola -Nero	37.39	True	https://www.amazon.it/dp/B08SQN53HT	4.7
284	PC Gaming Computer Fisso Desktop i7 - RAM 16GB - SSD 1 TB - ARC 380 6GB GDDR5 - Windows 11 PRO - WiFi USB - HDMI e VGA - Wireless - Ufficio Internet Scuola	579.9	False	https://www.amazon.it/dp/B0D1KNC7RG	3.8
285	BENFEI 6IN1 Hub USB C con HDMI 4k@60HZ/PD100W/Ethernet Gigabit/1*USB C+2*USB A datiporte 5Gbps, Docking Station USB C Adattatore USB C per MacBook Pro/Air iPad Pro iMac iPhone 15 Pro/Pro Max	22.99	False	https://www.amazon.it/dp/B0DC73445L	4.6
286	"HP 255 G10, AMD Ryzen 3-7320u 4 Core 2.4 Ghz, Computer portatile Notebook Display 15.6"" Full HD, Ram 8GB DDR4 256GB SSD, Windows 11 Pro, Pronto all'uso con Libre Office"	399.0	True	https://www.amazon.it/dp/B0DJM9DNFN	4.1
287	PC Portatile 15,6 Pollici, Notebook Core i7-1195G7 CPU, Windows 11 Notebook 16GB RAM 512GB SSD, Iris Xe Graphics GPU, Laptop con Tastiera Retroilluminata+Sblocco Impronta Digitale, Type-C Port	529.99	True	https://www.amazon.it/dp/B0D9XLH71R	4.9
288	Gimars UPGRADE Design 3 in 1 Zaino Messenger Bag per Computer Portatile da 15.6”Borsa a Tracolla Uomo con Presa USB Antifurto Multifunzionale per Università Scuola Business Viaggio Aereo	36.99	True	https://www.amazon.it/dp/B07P7NC8L5	4.4
289	BONTEC Supporto PC Portatile, Supporto PC Compatibile Laptop Da 10-17.3 Pollici, Rialzo PC Portatile Per Computer/MacBook/Notebook, Laptop Stand Fino a 5kg, Argento	19.99	False	https://www.amazon.it/dp/B0B1V6WW4J	4.5
290	Bagasin Custodia Borsa Porta PC, 15 15,6 16 Pollici Sleeve per Laptop Resistente all'Acqua, Borsa/Caso da Trasporto per Computer Compatibile con MacBook, HP, Dell, Lenovo, Asus Notebook	21.99	False	https://www.amazon.it/dp/B0BWN5FT15	4.6
291	GOLF SUPAGS Borsa Tote per Laptop da Donna, Borsa a Tracolla per Computer Borsa da Lavoro Grande per Donna, Custodia per Laptop Borsa Elegante per Viaggi D'affari	35.99	True	https://www.amazon.it/dp/B0CD3YVFYD	4.4
292	APSPOW Lampada da Monitor Computer, 40cm Lampada da Scrivania, usb lampada da letturaper pc, luminosità della temperatura del colore regolabile,Luce del monitor adatta per i giochi dell'home office	29.99	False	https://www.amazon.it/dp/B09JZHPDV2	4.1
293	PC Gaming Computer Fisso Desktop i5 - GeForce GT 730 4 GB DDR3 - Windows 11 PRO - WiFi USB - HDMI e VGA - Wireless - Ufficio Internet Scuola (RAM 8 GB - SSD 240 GB)	279.9	False	https://www.amazon.it/dp/B09K4ND5DN	3.9
294	PC LENOVO M710s sff Intel Core i7-6700 3,4Ghz 16GB SSD 480GB, NO DVD, WIN 10 PRO (Ricondizionato)	184.99	False	https://www.amazon.it/dp/B094NVXCV7	4.1
295	"HP 250 G9 Computer portatile 39,6 cm (15.6"") 1366 x 768 Pixel Intel N4500 16Gb DDR4-SDRAM 256Gb SSD Wi-Fi, Win 11 Pro, Libre Office preconfigurato"	319.0	False	https://www.amazon.it/dp/B0D5D71QRM	4.2
296	"Lenovo Valigetta di ricarica superiore casual per computer portatili 39,6 cm (15,6"") T210"	15.99	False	https://www.amazon.it/dp/B07NLMXK6F	4.5
297	HP Laptop 15s-fq5007sl, Notebook, Intel Core i5-1235U, RAM 16GB DDR4, SSD 512 GB, Intel Iris X, Display 15.6” FHD, IPS, Antiriflesso, Wi-Fi, Lettore SD, Webcam HD, Windows 11, Argento	549.99	True	https://www.amazon.it/dp/B0CP7V6SYC	4.3
298	"jumper Computer Portatile 15.6"" FHD display, 1 Anno Office 365, 12GB RAM 128GB eMMc+512GB SSD, Processore 5305U PC portatile, Batteria 38Wh, Due altoparlanti stereo, Tipo-C, USB 3.0, Tastiera digitale"	339.84	True	https://www.amazon.it/dp/B0DFWKW7ZG	4.2
299	"Mixroom Zaino Laptop Borsa Porta PC Portatile per Computer Custodia Notebook 15"" con Attacco USB Z8"	22.9	False	https://www.amazon.it/dp/B0B131SHJG	4.2
300	HP Custodia Protettiva Reversibile per Laptop Portatili fino a 14 Pollici, Profilo Sottile e Senza Cerniera, Tessuto in Neoprene Disinfettabile e Lavabile in Lavatrice, Colore Nero/Argento	11.99	False	https://www.amazon.it/dp/B0946NH9W1	4.4
301	PC Gaming Computer Fisso Desktop i7 - RAM 32GB - SSD 1 TB - RTX 4060 8GB GDDR6 - Windows 11 PRO - WiFi USB - HDMI e VGA - Wireless - Ufficio Internet Scuola	799.9	False	https://www.amazon.it/dp/B0CQTHN1YS	3.8
302	"PC Gaming Computer Fisso Desktop Completo GT1030 - Tastiera - Mouse - Cuffie - Windows 11 PRO - WiFi USB - HDMI (CPU: I5 - RAM 32GB -SSD 480 GB, MONITOR 24"")"	649.9	False	https://www.amazon.it/dp/B0BRYJ6317	3.9
303	"HP Notebook NUOVO con Pendrive Fingerprint Privacy • CPU Intel N4500 @ 2,8ghz • Monitor 15.6"" HD • SSD 256 GB • Ram 8GB • Ingresso LAN, HDMI, USB • Sistema operativo WIN 11 PRO e Libre Office"	299.0	True	https://www.amazon.it/dp/B09VPZ27TH	4.5
304	"HP 250 G9 Computer portatile 39,6 cm (15.6"") 1366 x 768 Pixel Intel N4500 8 GB DDR4-SDRAM 256 GB SSD Wi-Fi Windows 11 Professional"	263.9	False	https://www.amazon.it/dp/B08T9V1FG9	4.4
305	TECKNET 【2 PACKS Tappetino Mouse con Poggiapolsi, Gaming Mouse Pad Ergonomico con Memory Foam, Tocco Morbido e Impermeabile, Tappetini Mouse Supporto per Computer, Ufficio, Base di Gomma Antiscivolo	15.99	False	https://www.amazon.it/dp/B0CXDVLYTX	4.5
